committee_name,report_year,payee_name,payee_state,expenditure_description,expenditure_date,expenditure_amount,support_oppose_indicator,candidate_name,candidate_office,candidate_party
COMMUNICATIONS WORKERS OF AMERICA WORKING VOICES,2022,TEXAS TOOL BELT,TX,EXPENSES FOR DOOR TO DOOR CANVASSING,2022-01-07T00:00:00Z,997.11,S,"CISNEROS, JESSICA",H,DEM
MIJENTE PAC,2022,LYFT,CA,TRAVEL,2022-02-17T00:00:00Z,30.93,S,"CISNEROS, JESSICA",H,DEM
MIJENTE PAC,2022,UNITED AIRLINES,IL,NON-CONTRIBUTION ACCOUNT: TRAVEL,2022-02-25T00:00:00Z,880.71,S,"CISNEROS, JESSICA",H,DEM
IN UNION USA,2022,"DELIVER STRATEGIES, LLC",VA,DIRECT MAIL PROGRAM,2022-02-17T00:00:00Z,13638.07,S,"CISNEROS, JESSICA",H,DEM
A STRONGER TEXAS FUND,2022,ALPHA GRAPHICS LAREDO,TX,SANDRA WHITTEN SIGNS,2022-03-01T00:00:00Z,381.56,S,"WHITTEN, SANDRA",H,NA
MIJENTE PAC,2022,AMERICAN AIRLINES,TX,NON-CONTRIBUTION ACCOUNT: TRAVEL,2022-02-22T00:00:00Z,687.59,S,"CISNEROS, JESSICA",H,DEM
JUSTICE DEMOCRATS PAC,2022,THE BASELINE AGENCY,DC,NON-CONTRIBUTION ACCOUNT - DIRECT MAIL SERVICE,2022-05-12T00:00:00Z,10050.04,S,"CISNEROS, JESSICA",H,DEM
COMMUNICATIONS WORKERS OF AMERICA WORKING VOICES,2022,TEXAS TOOL BELT,TX,ESTIMATED EXPENSES FOR PHONE BANKING (2/13 THROUGH 2/19),2022-02-13T00:00:00Z,10000,S,"CISNEROS, JESSICA",H,DEM
UNITED DEMOCRACY PROJECT (UDP),2022,MVAR MEDIA LLC,VA,MEDIA PRODUCTION,2022-05-19T00:00:00Z,8061.5,O,"CISNEROS, JESSICA",H,NA
WOMEN VOTE!,2022,THE PIVOT GROUP,DC,MAIHOUSE,2022-05-12T00:00:00Z,9361.67,S,"CISNEROS, JESSICA",H,DEM
JUSTICE DEMOCRATS PAC,2022,TOP MARKS MEDIA LLC,DC,NON-CONTRIBUTION ACCOUNT - DIGITAL BUY,2022-05-24T00:00:00Z,7000,S,"CISNEROS, JESSICA",H,DEM
MIJENTE PAC,2022,FEQOR PRESS,GA,NON-CONTRIBUTION ACCOUNT: PRINTING OF MATERIALS FOR TSHIRTS,2022-02-10T00:00:00Z,1038.76,S,"CISNEROS, JESSICA",H,DEM
LCV VICTORY FUND,2022,POTOMAC WAVES LLC,DC,RADIO AD BUY,2022-05-02T00:00:00Z,74790,S,"CISNEROS, JESSICA",H,DEM
UNITED DEMOCRACY PROJECT (UDP),2022,OURSO BEYCHOK INC,LA,DIRECT MAIL,2022-05-17T00:00:00Z,26520,S,"CUELLAR, HENRY",H,DEM
UNITED DEMOCRACY PROJECT (UDP),2022,WATERFRONT STRATEGIES INC,DC,MEDIA PLACEMENT,2022-04-28T00:00:00Z,199723,O,"CISNEROS, JESSICA",H,NA
WFP NATIONAL PAC,2022,COMMUNITY LABOR ADMINISTRATIVE SERVICES,NY,TEXTING,2022-02-10T00:00:00Z,84.88,S,"CISNEROS, JESSICA",H,DEM
TEXAS ORGANIZING PROJECT POLITICAL ACTION COMMITTEE,2022,DUABLE BRAND TRUST,TX,GRAPHIC DESIGN (ESTIMATE),2022-04-19T00:00:00Z,406.98,S,"CISNEROS, JESSICA",H,DEM
UNITED DEMOCRACY PROJECT (UDP),2022,WATERFRONT STRATEGIES INC,DC,MEDIA PLACEMENT,2022-05-03T00:00:00Z,366425,O,"CISNEROS, JESSICA",H,NA
CONGRESSIONAL LEADERSHIP FUND,2022,FLEXPOINT MEDIA INC,OH,MEDIA PLACEMENT,2022-05-26T00:00:00Z,160445.65,S,"FLORES, MAYRA",H,NA
WFP NATIONAL PAC,2022,TEXAS TOOLBELT,TX,IN PERSON CANVASSING,2022-04-11T00:00:00Z,219324,S,"CISNEROS, JESSICA",H,DEM
"AMERICANS FOR PROSPERITY ACTION, INC. (AFP ACTION) DBA CVA ACTION AND DBA LIBRE ACTION",2022,TARGETED VICTORY LLC,VA,MEDIA PRODUCTION LIBRE ACTION,2022-08-15T00:00:00Z,1000,S,"FLORES, MAYRA",H,REP
"AMERICANS FOR PROSPERITY ACTION, INC. (AFP ACTION) DBA CVA ACTION AND DBA LIBRE ACTION",2022,TARGETED VICTORY LLC,VA,LIBRE DIGITAL AD PRODUCTION,2022-07-13T00:00:00Z,700,S,"DE LA CRUZ, MONICA",H,REP
"GREENPEACE, INC.",2022,REWIRED LLC,NY,NA,2022-05-06T00:00:00Z,10,S,"CISNEROS, JESSICA",H,DEM
UNITED DEMOCRACY PROJECT (UDP),2022,MVAR MEDIA LLC,VA,MEDIA PRODUCTION/PLACEMENT,2022-05-03T00:00:00Z,49582.3,O,"CISNEROS, JESSICA",H,NA
TEXAS ORGANIZING PROJECT POLITICAL ACTION COMMITTEE,2022,"TEXAS TOOLBELT, LLC",TX,CANVASSING (ESTIMATE),2022-02-01T00:00:00Z,50000,S,"CISNEROS, JESSICA",H,DEM
"AMERICANS FOR PROSPERITY ACTION, INC. (AFP ACTION) DBA CVA ACTION AND DBA LIBRE ACTION",2022,IN PURSUIT OF LLC,VA,DIGITAL AD PLACEMENT,2022-07-13T00:00:00Z,30000,S,"DE LA CRUZ, MONICA",H,REP
WOMEN VOTE!,2022,POTOMAC WAVES LLC,DC,TV MEDIA PRODUCTION,2022-05-19T00:00:00Z,15896.7,O,"CUELLAR, HENRY",H,DEM
PROTECT AND SERVE PAC,2022,VICTORY ENTERPRISES,IA,PLACED MEDIA: TV,2022-02-23T00:00:00Z,234785,S,"NG, WILLIE VASQUEZ",H,REP
J STREET,2022,MIDDLE SEAT CONSULTING LLC,DC,NA,2022-02-13T00:00:00Z,50000,S,"CISNEROS, JESSICA",H,DEM
TEXAS FARM BUREAU AGFUND,2022,THE EPPSTEIN GROUP,TX,TEXTING PROGRAM,2022-05-18T00:00:00Z,5354.21,S,"CUELLAR, HENRY",H,NA
WOMEN VOTE!,2022,TRILOGY INTERACTIVE LLC,CA,DIGITAL AD PRODUCTION,2022-04-29T00:00:00Z,6000,S,"CISNEROS, JESSICA",H,DEM
MIJENTE PAC,2022,AMERICAN AIRLINES,TX,NON-CONTRIBUTION ACCOUNT: TRAVEL,2022-02-22T00:00:00Z,238.1,S,"CISNEROS, JESSICA",H,DEM
CONGRESSIONAL LEADERSHIP FUND,2022,FLEXPOINT MEDIA INC,OH,MEDIA PLACEMENT,2022-02-16T00:00:00Z,37500,S,"DE LA CRUZ, MONICA",H,NA
INDIVISIBLE ACTION,2021,BLUE STATE DIGITAL,NY,DIGITAL ADVERTISING - ESTIMATE,2021-11-23T00:00:00Z,10000,S,"CISNEROS, JESSICA",H,DEM
UNITED DEMOCRACY PROJECT (UDP),2022,BRUSHFIRE LLC,DC,GOTV PHONE CALLS,2022-05-09T00:00:00Z,1902.18,O,"CISNEROS, JESSICA",H,NA
PROTECT AND SERVE PAC,2022,VICTORY ENTERPRISES,IA,DIGITAL ADVERTISING,2022-02-25T00:00:00Z,5000,S,"NG, WILLIE VASQUEZ",H,REP
PROTECT AND SERVE PAC,2022,VICTORY ENTERPRISES,IA,PRODUCTION COST: VIDEO,2022-02-23T00:00:00Z,5300,S,"NG, WILLIE VASQUEZ",H,REP
AMERICA UNITED,2022,MOSAIC MEDIA STRATEGY GROUP,DC,AD BUY- DIGITAL,2022-04-29T00:00:00Z,22512,S,"CUELLAR, HENRY",H,DEM
MAINSTREAM DEMOCRATS PAC,2022,"SAGE MEDIA PLANNING & PLACEMENT, INC.",DC,DIGITAL ADVERTISING BUY,2022-05-10T00:00:00Z,55945,S,"CUELLAR, HENRY",H,DEM
"GREENPEACE, INC.",2022,HOVER,ZZ,NA,2022-04-01T00:00:00Z,43.79,S,"CISNEROS, JESSICA",H,DEM
BIENVENIDO ACTION PAC,2022,VISTAPRINT,MA,PRINTING EXPENSE: DOORHANGERS,2022-05-23T00:00:00Z,334.33,S,"FLORES, MAYRA",H,REP
WFP NATIONAL PAC,2022,COMMUNITY LABOR ADMINISTRATIVE SERVICES,NY,PHONE CALLS,2022-05-10T00:00:00Z,800,S,"CISNEROS, JESSICA",H,DEM
COMMUNICATIONS WORKERS OF AMERICA WORKING VOICES,2022,TEXAS TOOL BELT,TX,ESTIMATED EXPENSES FOR CANVASSING,2022-01-30T00:00:00Z,5865.01,S,"CISNEROS, JESSICA",H,DEM
WFP NATIONAL PAC,2022,TEXAS TOOLBELT,TX,DOOR TO DOOR CANVASSING,2022-02-28T00:00:00Z,59000,S,"CISNEROS, JESSICA",H,DEM
IN UNION USA,2022,"DELIVER STRATEGIES, LLC",VA,DIRECT MAIL PROGRAM,2022-02-18T00:00:00Z,14814.86,O,"CUELLAR, HENRY",H,DEM
TEXANS FOR TRUE CONSERVATIVES,2022,POLITICAL MEDIA GROUP,VA,DIRECT MAIL,2022-02-02T00:00:00Z,935.07,O,"CABRERA, ED",H,REP
CONGRESSIONAL LEADERSHIP FUND,2022,TARGETED VICTORY LLC,VA,DIGITAL PLACEMENT,2022-05-14T00:00:00Z,25000,S,"GARCIA, CASSY",H,NA
TEXAS ORGANIZING PROJECT POLITICAL ACTION COMMITTEE,2022,"TEXAS TOOLBELT, LLC",TX,CANVASSING (ESTIMATE),2022-04-11T00:00:00Z,8744.19,S,"CISNEROS, JESSICA",H,DEM
TEXAS ORGANIZING PROJECT POLITICAL ACTION COMMITTEE,2022,ALAMO MAILING,TX,POSTAGE,2022-02-22T00:00:00Z,739.21,S,"CISNEROS, JESSICA",H,DEM
COMMUNICATIONS WORKERS OF AMERICA WORKING VOICES,2022,TEXAS TOOL BELT,TX,EXPENSES FOR DOOR TO DOOR CANVASSING,2022-01-07T00:00:00Z,2053.1,S,"CISNEROS, JESSICA",H,DEM
WFP NATIONAL PAC,2022,TEXAS TOOLBELT,TX,IN PERSON CANVASSING - IN KIND CONTRIBUTION TO COMMUNICATIONS WORKERS OF AMERICA - WORKING VOICES,2022-02-05T00:00:00Z,90000,S,"CISNEROS, JESSICA",H,DEM
COMMUNICATIONS WORKERS OF AMERICA WORKING VOICES,2022,TEXAS TOOL BELT,TX,EXPENSES FOR DOOR TO DOOR CANVASSING,2022-01-07T00:00:00Z,999.6,S,"CISNEROS, JESSICA",H,DEM
UNITED DEMOCRACY PROJECT (UDP),2022,WATERFRONT STRATEGIES INC,DC,MEDIA PLACEMENT,2022-05-10T00:00:00Z,51299.5,S,"CUELLAR, HENRY",H,DEM
MIJENTE PAC,2022,JETBLUE,NY,NON-CONTRIBUTION ACCOUNT: TRAVEL,2022-02-22T00:00:00Z,201.1,S,"CISNEROS, JESSICA",H,DEM
MIJENTE PAC,2022,PROTRAVEL INTERNATIONAL,AZ,NON-CONTRIBUTION ACCOUNT: TRAVEL,2022-02-22T00:00:00Z,18.5,S,"CISNEROS, JESSICA",H,DEM
COMMUNICATIONS WORKERS OF AMERICA WORKING VOICES,2022,TEXAS TOOL BELT,TX,EXPENSES FOR DOOR TO DOOR CANVASSING,2022-01-28T00:00:00Z,12179.57,S,"CISNEROS, JESSICA",H,DEM
"GREENPEACE, INC.",2022,"GREENPEACE, INC.",DC,NA,2022-04-01T00:00:00Z,380.49,S,"CISNEROS, JESSICA",H,DEM
CONGRESSIONAL LEADERSHIP FUND,2022,FLEXPOINT MEDIA INC,OH,MEDIA PLACEMENT,2022-02-16T00:00:00Z,37500,O,"GARZA, MAURO",H,NA
COMMUNICATIONS WORKERS OF AMERICA WORKING VOICES,2022,TEXAS TOOL BELT,TX,EXPENSES FOR CANVASSING- PRINTED LITERATURE,2022-01-28T00:00:00Z,1543,S,"CISNEROS, JESSICA",H,DEM
COMMUNICATIONS WORKERS OF AMERICA WORKING VOICES,2022,TEXAS TOOL BELT,TX,EXPENSES FOR PHONE BANKING,2022-01-28T00:00:00Z,3694.73,S,"CISNEROS, JESSICA",H,DEM
WOMEN VOTE!,2022,WATERFRONT STRATEGIES,DC,TV MEDIA BUY,2022-05-12T00:00:00Z,51010.5,S,"CISNEROS, JESSICA",H,DEM
UNITED DEMOCRACY PROJECT (UDP),2022,MVAR MEDIA LLC,VA,MEDIA PRODUCTION/PLACEMENT,2022-05-17T00:00:00Z,47849.5,O,"CISNEROS, JESSICA",H,NA
UNITED DEMOCRACY PROJECT (UDP),2022,WATERFRONT STRATEGIES INC,DC,MEDIA PLACEMENT,2022-05-17T00:00:00Z,175144.5,O,"CISNEROS, JESSICA",H,NA
WFP NATIONAL PAC,2022,TEXAS TOOLBELT,TX,RELATIONAL ORGANIZING,2022-05-12T00:00:00Z,7000,O,"CISNEROS, JESSICA",H,DEM
MIJENTE PAC,2022,CONSOLIDATED PRESS,NC,NON-CONTRIBUTION ACCOUNT: GOTV LITERATURE,2022-02-22T00:00:00Z,246.5,S,"CISNEROS, JESSICA",H,DEM
CONGRESSIONAL LEADERSHIP FUND,2022,936 MEDIA,SC,MEDIA PRODUCTION,2022-02-22T00:00:00Z,1000,S,"DE LA CRUZ, MONICA",H,NA
MAINSTREAM DEMOCRATS PAC,2022,"SAGE MEDIA PLANNING & PLACEMENT, INC.",DC,DIGITAL ADVERTISING PRODUCTION,2022-05-10T00:00:00Z,8000,S,"CUELLAR, HENRY",H,DEM
WOMEN VOTE!,2022,THE PIVOT GROUP,DC,MAIHOUSE,2022-05-12T00:00:00Z,9361.67,O,"CUELLAR, HENRY",H,DEM
COMMUNICATIONS WORKERS OF AMERICA WORKING VOICES,2022,TEXAS TOOL BELT,TX,EXPENSES FOR DOOR TO DOOR CANVASSING,2022-01-07T00:00:00Z,997.12,S,"CISNEROS, JESSICA",H,DEM
TEXAS ORGANIZING PROJECT POLITICAL ACTION COMMITTEE,2022,ALAMO MAILING,TX,LITERATURE,2022-02-23T00:00:00Z,99.78,S,"CISNEROS, JESSICA",H,DEM
TEXAS ORGANIZING PROJECT POLITICAL ACTION COMMITTEE,2022,DUABLE BRAND TRUST,TX,GRAPHIC DESIGN (ESTIMATE),2022-02-01T00:00:00Z,1000,S,"CISNEROS, JESSICA",H,DEM
WOMEN VOTE!,2022,THE PIVOT GROUP,DC,MAIHOUSE,2022-05-12T00:00:00Z,9361.67,O,"CUELLAR, HENRY",H,DEM
WOMEN VOTE!,2022,TRILOGY INTERACTIVE LLC,CA,DIGITAL BUY,2022-04-29T00:00:00Z,54000,O,"CUELLAR, HENRY",H,DEM
MIJENTE PAC,2022,MIJENTE,AZ,NON-CONTRIBUTION ACCOUNT: STAFF TIME,2022-02-24T00:00:00Z,27082.76,S,"CISNEROS, JESSICA",H,DEM
CONGRESSIONAL LEADERSHIP FUND,2022,TARGETED VICTORY LLC,VA,DIGITAL PLACEMENT,2022-05-26T00:00:00Z,25000,S,"FLORES, MAYRA",H,NA
AFL-CIO COMMITTEE ON POLITICAL EDUCATION TREASURY FUND,2022,MIDDLE SEAT,DC,NA,2022-05-09T00:00:00Z,7819.75,S,"CISNEROS, JESSICA",H,DEM
SEIU COPE (SERVICE EMPLOYEES INTERNATIONAL UNION COMMITTEE ON POLITICAL EDUCATION),2022,TEXAS TOOLBELT,TX,ESTIMATED COST - CANVASSING SERVICES,2022-02-16T00:00:00Z,60000,S,"CISNEROS, JESSICA",H,DEM
BIENVENIDO ACTION PAC,2022,VISTAPRINT,MA,PRINTING EXPENSE: DOORHANGERS,2022-05-23T00:00:00Z,530.33,S,"FLORES, MAYRA",H,REP
"AMERICANS FOR PROSPERITY ACTION, INC. (AFP ACTION) DBA CVA ACTION AND DBA LIBRE ACTION",2022,TARGETED VICTORY LLC,VA,MEDIA PRODUCTION LIBRE ACTION,2022-08-15T00:00:00Z,1000,S,"DE LA CRUZ, MONICA",H,REP
WOMEN VOTE!,2022,THE PIVOT GROUP,DC,MAIHOUSE,2022-05-12T00:00:00Z,8907.22,S,"CISNEROS, JESSICA",H,DEM
AMERICA UNITED,2022,MOSAIC MEDIA STRATEGY GROUP,DC,AD BUY- TV,2022-05-19T00:00:00Z,56340,S,"CUELLAR, HENRY",H,DEM
COMMUNICATIONS WORKERS OF AMERICA WORKING VOICES,2022,TEXAS TOOL BELT,TX,EXPENSES FOR DOOR TO DOOR CANVASSING,2022-01-07T00:00:00Z,999.61,S,"CISNEROS, JESSICA",H,DEM
MIJENTE PAC,2022,PROTRAVEL INTERNATIONAL,AZ,NON-CONTRIBUTION ACCOUNT: TRAVEL,2022-02-24T00:00:00Z,37,S,"CISNEROS, JESSICA",H,DEM
UNITED DEMOCRACY PROJECT (UDP),2022,MVAR MEDIA LLC,VA,MEDIA PRODUCTION/PLACEMENT,2022-04-27T00:00:00Z,49723.31,O,"CISNEROS, JESSICA",H,NA
"AMERICANS FOR PROSPERITY ACTION, INC. (AFP ACTION) DBA CVA ACTION AND DBA LIBRE ACTION",2022,IN PURSUIT OF LLC,VA,DIGITAL AD PLACEMENT,2022-07-14T00:00:00Z,19000,S,"FLORES, MAYRA",H,REP
TEXAS ORGANIZING PROJECT POLITICAL ACTION COMMITTEE,2022,"PRESTIGE PRINTING, LLC",TX,LITERATURE (ESTIMATE),2022-04-11T00:00:00Z,316.28,S,"CISNEROS, JESSICA",H,DEM
"GREENPEACE, INC.",2022,ARIZONA JET-MAIL SERVICES,AZ,NA,2022-04-27T00:00:00Z,268.91,S,"CISNEROS, JESSICA",H,DEM
COMMUNICATIONS WORKERS OF AMERICA WORKING VOICES,2022,TEXAS TOOL BELT,TX,EXPENSES FOR DOOR TO DOOR CANVASSING,2022-01-07T00:00:00Z,1003.77,S,"CISNEROS, JESSICA",H,DEM
"GREENPEACE, INC.",2022,ARIZONA JET-MAIL SERVICES,AZ,NA,2022-05-02T00:00:00Z,608.59,S,"CISNEROS, JESSICA",H,DEM
COMMUNICATIONS WORKERS OF AMERICA WORKING VOICES,2022,TEXAS TOOL BELT,TX,EXPENSES FOR PHONE BANKING,2022-01-27T00:00:00Z,3694.73,S,"CISNEROS, JESSICA",H,DEM
CONGRESSIONAL LEADERSHIP FUND,2022,TARGETED VICTORY LLC,VA,DIGITAL PLACEMENT,2022-02-26T00:00:00Z,5000,S,"DE LA CRUZ, MONICA",H,NA
CONGRESSIONAL LEADERSHIP FUND,2022,ADVANTAGE INC.,FL,PHONE CALLS,2022-02-18T00:00:00Z,15000,S,"DE LA CRUZ, MONICA",H,NA
COMMUNICATIONS WORKERS OF AMERICA WORKING VOICES,2022,TEXAS TOOL BELT,TX,EXPENSES FOR DOOR TO DOOR CANVASSING,2022-01-07T00:00:00Z,999.62,S,"CISNEROS, JESSICA",H,DEM
COMMUNICATIONS WORKERS OF AMERICA WORKING VOICES,2022,TEXAS TOOL BELT,TX,ESTIMATED EXPENSES FOR CANVASSING (2/2 THROUGH 2/8),2022-02-02T00:00:00Z,42774.45,S,"CISNEROS, JESSICA",H,DEM
"GREENPEACE, INC.",2022,"GREENPEACE, INC.",DC,NA,2022-04-23T00:00:00Z,14.43,S,"CISNEROS, JESSICA",H,DEM
COMMUNICATIONS WORKERS OF AMERICA WORKING VOICES,2022,TEXAS TOOL BELT,TX,EXPENSES FOR DOOR TO DOOR CANVASSING,2022-01-07T00:00:00Z,997.11,S,"CISNEROS, JESSICA",H,DEM
MIJENTE PAC,2022,IHEARTMEDIA + ENTERTAINMENT,TX,NON-CONTRIBUTION ACCOUNT: ADVERTISEMENT - RADIO,2022-02-10T00:00:00Z,5000,S,"CISNEROS, JESSICA",H,DEM
"OPPORTUNITY MATTERS FUND, INC.",2022,"MOUNTAINTOP ADVISORS, LLC",DC,PRODUCTION COST: TV AD,2022-07-27T00:00:00Z,8500,S,"DE LA CRUZ, MONICA",H,REP
END CITIZENS UNITED,2022,"POTOMAC WAVES, LLC",DC,MEDIA PRODUCTION,2022-05-11T00:00:00Z,2500,S,"CISNEROS, JESSICA",H,DEM
MIJENTE PAC,2022,LYFT,CA,NON-CONTRIBUTION ACCOUNT: TRAVEL,2022-02-25T00:00:00Z,70.79,S,"CISNEROS, JESSICA",H,DEM
WOMEN VOTE!,2022,TRILOGY INTERACTIVE LLC,CA,DIGITAL AD PRODUCTION,2022-04-29T00:00:00Z,6000,O,"CUELLAR, HENRY",H,DEM
"AMERICANS FOR PROSPERITY ACTION, INC. (AFP ACTION) DBA CVA ACTION AND DBA LIBRE ACTION",2022,TARGETED VICTORY LLC,VA,DIGITAL AD PRODUCTION,2022-07-13T00:00:00Z,700,S,"DE LA CRUZ, MONICA",H,REP
MIJENTE PAC,2022,RIALTO HOTEL LLC,TX,NON-CONTRIBUTION ACCOUNT: HOTEL,2022-02-25T00:00:00Z,1956.24,S,"CISNEROS, JESSICA",H,DEM
A STRONGER TEXAS FUND,2022,NEW FRONTIER GRAPHICS AND ILLUSTRATION,TX,WEBSITE,2022-02-18T00:00:00Z,350,S,"WHITTEN, SANDRA",H,NA
AMERICA UNITED,2022,MOSAIC MEDIA STRATEGY GROUP,DC,DIGITAL AD PRODUCTION,2022-04-29T00:00:00Z,2000,S,"CUELLAR, HENRY",H,DEM
COMMUNICATIONS WORKERS OF AMERICA WORKING VOICES,2022,TEXAS TOOL BELT,TX,EXPENSES FOR DOOR TO DOOR CANVASSING,2022-01-17T00:00:00Z,8006.5,S,"CISNEROS, JESSICA",H,DEM
WFP NATIONAL PAC,2022,TEXAS TOOLBELT,TX,IN PERSON CANVASSING,2022-05-10T00:00:00Z,121000,S,"CISNEROS, JESSICA",H,DEM
JUSTICE DEMOCRATS PAC,2022,THE BASELINE AGENCY,DC,NON-CONTRIBUTION ACCOUNT - DIRECT MAIL SERVICE,2022-02-23T00:00:00Z,18018.03,S,"CISNEROS, JESSICA",H,DEM
VOTE NURSES VALUES POLITICAL ACTION COMMITTEE: CALIFORNIA NURSES ASSOCIATION,2022,POSTAL SYSTEMS INC,CA,POSTAGE AND PROCESSING,2022-04-29T00:00:00Z,25987.25,S,"CISNEROS, JESSICA",H,DEM
"GREENPEACE, INC.",2022,"GREENPEACE, INC.",DC,NA,2022-05-06T00:00:00Z,14.43,S,"CISNEROS, JESSICA",H,DEM
UNITED DEMOCRACY PROJECT (UDP),2022,BRUSHFIRE LLC,DC,GOTV PHONE CALLS,2022-05-16T00:00:00Z,35294.93,S,"CUELLAR, HENRY",H,DEM
HOUSE MAJORITY PAC,2022,"PESCADOR PUBLIC STRATEGIES, LLC",TX,MEDIA PRODUCTION - ESTIMATE,2022-06-07T00:00:00Z,10145,O,"FLORES, MAYRA",H,REP
MIJENTE PAC,2022,PROTRAVEL INTERNATIONAL,AZ,NON-CONTRIBUTION ACCOUNT: TRAVEL,2022-02-22T00:00:00Z,18.5,S,"CISNEROS, JESSICA",H,DEM
MIJENTE PAC,2022,ENTERPRISE RENT-A-CAR,MO,NON-CONTRIBUTION ACCOUNT: TRAVEL,2022-02-25T00:00:00Z,561.7,S,"CISNEROS, JESSICA",H,DEM
UNITED DEMOCRACY PROJECT (UDP),2022,OURSO BEYCHOK INC,LA,DIRECT MAIL,2022-04-29T00:00:00Z,59320,O,"CISNEROS, JESSICA",H,NA
ELBERT GUILLORY'S AMERICA,2022,UNIVISION,TX,MEDIA PLACEMENT,2022-02-16T00:00:00Z,1995,S,"DE LA CRUZ, MONICA",H,REP
MIJENTE PAC,2022,AMERICAN AIRLINES,TX,NON-CONTRIBUTION ACCOUNT: TRAVEL,2022-02-22T00:00:00Z,607.2,S,"CISNEROS, JESSICA",H,DEM
WOMEN VOTE!,2022,THE PIVOT GROUP,DC,MAIHOUSE,2022-05-05T00:00:00Z,15630.2,S,"CISNEROS, JESSICA",H,DEM
MIJENTE PAC,2022,PROTRAVEL INTERNATIONAL,AZ,NON-CONTRIBUTION ACCOUNT: TRAVEL,2022-02-10T00:00:00Z,37,S,"CISNEROS, JESSICA",H,DEM
NUESTRO PAC,2022,SINCLAIR STRATEGIES,MA,DIRECT MAIL PRODUCTION AND POSTAGE,2022-02-23T00:00:00Z,39931.36,S,"CISNEROS, JESSICA",H,DEM
BIG RIVER MEDIA,2022,BIG RIVER MEDIA,TX,NA,2022-05-16T00:00:00Z,3801.6,O,"CISNEROS, JESSICA",H,NA
COMMUNICATIONS WORKERS OF AMERICA WORKING VOICES,2022,NEW PARTNERS,MN,EXPENSES FOR PHONE BANKING,2022-02-16T00:00:00Z,15000,S,"CISNEROS, JESSICA",H,DEM
CONGRESSIONAL LEADERSHIP FUND,2022,TARGETED VICTORY LLC,VA,DIGITAL PLACEMENT,2022-06-30T00:00:00Z,25000,S,"FLORES, MAYRA",H,NA
IN UNION USA,2022,"DELIVER STRATEGIES, LLC",VA,DIRECT MAIL PROGRAM,2022-02-18T00:00:00Z,14814.86,S,"CISNEROS, JESSICA",H,DEM
BIENVENIDO ACTION PAC,2022,TEXTGOP LLC,KS,DIGITAL VOTER CONTACT,2022-06-10T00:00:00Z,3582.53,S,"FLORES, MAYRA",H,REP
COMMUNICATIONS WORKERS OF AMERICA WORKING VOICES,2022,TEXAS TOOL BELT,TX,EXPENSES FOR DOOR TO DOOR CANVASSING,2022-01-27T00:00:00Z,12179.58,S,"CISNEROS, JESSICA",H,DEM
WFP NATIONAL PAC,2022,ROBOCALL.ORG,VA,ROBOCALL,2022-05-24T00:00:00Z,41.27,S,"CISNEROS, JESSICA",H,DEM
JUSTICE DEMOCRATS PAC,2022,THE BASELINE AGENCY,DC,NON-CONTRIBUTION ACCOUNT - DIRECT MAIL SERVICE,2022-05-09T00:00:00Z,10769.35,S,"CISNEROS, JESSICA",H,DEM
MIJENTE PAC,2022,CONSOLIDATED PRESS,NC,NON-CONTRIBUTION ACCOUNT: GOTV LITERATURE,2022-02-22T00:00:00Z,246.56,S,"CISNEROS, JESSICA",H,DEM
SEIU COPE (SERVICE EMPLOYEES INTERNATIONAL UNION COMMITTEE ON POLITICAL EDUCATION),2022,TEXAS TOOLBELT,TX,ESTIMATED COST - CANVASS LITERATURE,2022-02-16T00:00:00Z,25000,S,"CISNEROS, JESSICA",H,DEM
AMERICA UNITED,2022,MOSAIC MEDIA STRATEGY GROUP,DC,DIGITAL AD PRODUCTION,2022-04-29T00:00:00Z,500,S,"CUELLAR, HENRY",H,DEM
MIJENTE PAC,2022,AMERICAN AIRLINES,TX,NON-CONTRIBUTION ACCOUNT: TRAVEL,2022-02-22T00:00:00Z,636.2,S,"CISNEROS, JESSICA",H,DEM
MIJENTE PAC,2022,"BATISTA, CRISTINA",DC,NON-CONTRIBUTION ACCOUNT: PER DIEM,2022-02-25T00:00:00Z,166.23,S,"CISNEROS, JESSICA",H,DEM
"AMERICANS FOR PROSPERITY ACTION, INC. (AFP ACTION) DBA CVA ACTION AND DBA LIBRE ACTION",2022,TARGETED VICTORY LLC,VA,MEDIA PRODUCTION,2022-08-15T00:00:00Z,1000,S,"DE LA CRUZ, MONICA",H,REP
WFP NATIONAL PAC,2022,COMMUNITY LABOR ADMINISTRATIVE SERVICES,NY,TEXTING SERVICES,2022-02-07T00:00:00Z,38.04,S,"CISNEROS, JESSICA",H,DEM
AFL-CIO COMMITTEE ON POLITICAL EDUCATION TREASURY FUND,2022,MIDDLE SEAT,DC,NA,2022-05-08T00:00:00Z,306.53,S,"CISNEROS, JESSICA",H,DEM
WOMEN VOTE!,2022,THE PIVOT GROUP,DC,MAIHOUSE,2022-05-05T00:00:00Z,2758.27,O,"CUELLAR, HENRY",H,DEM
"NARAL FREEDOM FUND",2022,76 WORDS,DC,DIGITAL ADVERTISING,2022-02-23T00:00:00Z,45000,S,"CISNEROS, JESSICA",H,DEM
TEXANS FOR FREEDOM,2022,MADISON MCQUEEN LLC,CA,DIGITAL MEDIA PRODUCTION,2022-02-25T00:00:00Z,5900,S,"GARCIA, CASSY",H,REP
MIJENTE PAC,2022,"RADIO UNITED, LTD",TX,NON-CONTRIBUTION ACCOUNT: ADVERTISEMENT - RADIO,2022-02-22T00:00:00Z,1011.5,S,"CISNEROS, JESSICA",H,DEM
"AMERICANS FOR PROSPERITY ACTION, INC. (AFP ACTION) DBA CVA ACTION AND DBA LIBRE ACTION",2022,PEOPLE WHO THINK,LA,DOORHANGER PRODUCTION,2022-06-07T00:00:00Z,1926.45,S,"FLORES, MAYRA",H,REP
"GREENPEACE, INC.",2022,REWIRED LLC,NY,NA,2022-04-23T00:00:00Z,700,S,"CISNEROS, JESSICA",H,DEM
MAINSTREAM DEMOCRATS PAC,2022,"SISNEROS STRATEGIES, LLC",VA,DIRECT MAIL ADVERTISING,2022-05-02T00:00:00Z,177766.08,S,"CUELLAR, HENRY",H,DEM
"GREENPEACE, INC.",2022,"GREENPEACE, INC.",DC,NA,2022-04-01T00:00:00Z,398.37,S,"CISNEROS, JESSICA",H,DEM
COMMUNICATIONS WORKERS OF AMERICA WORKING VOICES,2022,TEXAS TOOL BELT,TX,EXPENSES FOR DOOR TO DOOR CANVASSING,2022-01-19T00:00:00Z,8006.49,S,"CISNEROS, JESSICA",H,DEM
UNITED DEMOCRACY PROJECT (UDP),2022,MVAR MEDIA LLC,VA,MEDIA PRODUCTION,2022-05-20T00:00:00Z,745,O,"CISNEROS, JESSICA",H,NA
COMMUNICATIONS WORKERS OF AMERICA WORKING VOICES,2022,TEXAS TOOL BELT,TX,EXPENSES FOR DOOR TO DOOR CANVASSING,2022-01-07T00:00:00Z,997.11,S,"CISNEROS, JESSICA",H,DEM
"AMERICANS FOR PROSPERITY ACTION, INC. (AFP ACTION) DBA CVA ACTION AND DBA LIBRE ACTION",2022,TARGETED VICTORY LLC,VA,LIBRE DIGITAL AD PRODUCTION,2022-07-13T00:00:00Z,700,S,"FLORES, MAYRA",H,REP
"GREENPEACE, INC.",2022,ARIZONA JET-MAIL SERVICES,AZ,NA,2022-04-22T00:00:00Z,283.07,S,"CISNEROS, JESSICA",H,DEM
CONGRESSIONAL LEADERSHIP FUND,2022,RED EAGLE MEDIA,VA,DIGITAL PLACEMENT,2022-05-26T00:00:00Z,14100,S,"FLORES, MAYRA",H,NA
TEXAS ORGANIZING PROJECT POLITICAL ACTION COMMITTEE,2022,MINUTEMAN PRESS,TX,LITERATURE,2022-02-17T00:00:00Z,262.51,S,"CISNEROS, JESSICA",H,DEM
WFP NATIONAL PAC,2022,76 WORDS,DC,DIGITAL ADS,2022-05-02T00:00:00Z,40000,S,"CISNEROS, JESSICA",H,DEM
CONGRESSIONAL LEADERSHIP FUND,2022,TARGETED VICTORY LLC,VA,DIGITAL PLACEMENT,2022-08-05T00:00:00Z,100000,S,"GARCIA, CASSY",H,NA
AFL-CIO COMMITTEE ON POLITICAL EDUCATION TREASURY FUND,2022,MIDDLE SEAT,DC,NA,2022-05-06T00:00:00Z,128.5,S,"CISNEROS, JESSICA",H,DEM
JUSTICE DEMOCRATS PAC,2022,TOP MARKS MEDIA LLC,DC,"NON-CONTRIBUTION ACCOUNT - MEDIA BUY, TV/DIGITAL",2022-02-09T00:00:00Z,78000,O,"CUELLAR, HENRY",H,DEM
UNITED DEMOCRACY PROJECT (UDP),2022,OURSO BEYCHOK INC,LA,DIRECT MAIL,2022-05-11T00:00:00Z,14330,S,"CUELLAR, HENRY",H,DEM
WFP NATIONAL PAC,2022,WOMEN VOTE!,DC,CONTRIBUTION,2022-05-23T00:00:00Z,50000,O,"CUELLAR, HENRY",H,DEM
MIJENTE PAC,2022,PROTRAVEL INTERNATIONAL,AZ,NON-CONTRIBUTION ACCOUNT: TRAVEL,2022-02-22T00:00:00Z,37,S,"CISNEROS, JESSICA",H,DEM
MIJENTE PAC,2022,PROTRAVEL INTERNATIONAL,AZ,NON-CONTRIBUTION ACCOUNT: TRAVEL,2022-02-24T00:00:00Z,37,S,"CISNEROS, JESSICA",H,DEM
MIJENTE PAC,2022,LYFT,CA,NON-CONTRIBUTION ACCOUNT: TRAVEL,2022-02-11T00:00:00Z,16.79,S,"CISNEROS, JESSICA",H,DEM
"AMERICANS FOR PROSPERITY ACTION, INC. (AFP ACTION) DBA CVA ACTION AND DBA LIBRE ACTION",2022,TALENTWAVE INC.,CO,CANVASSING,2022-06-01T00:00:00Z,2000,S,"FLORES, MAYRA",H,REP
UNITED DEMOCRACY PROJECT (UDP),2022,MVAR MEDIA LLC,VA,MEDIA PRODUCTION,2022-04-28T00:00:00Z,24380.58,O,"CISNEROS, JESSICA",H,NA
JUSTICE DEMOCRATS PAC,2022,THE BASELINE AGENCY,DC,NON-CONTRIBUTION ACCOUNT - DIRECT MAIL SERVICE,2022-05-10T00:00:00Z,20648.5,S,"CISNEROS, JESSICA",H,DEM
COMMUNICATIONS WORKERS OF AMERICA WORKING VOICES,2022,TEXAS TOOL BELT,TX,EXPENSES FOR DOOR TO DOOR CANVASSING,2022-01-25T00:00:00Z,2993.9,S,"CISNEROS, JESSICA",H,DEM
"NATIONAL ASSOCIATION OF REALTORS POLITICAL ACTION COMMITTEE",2022,"NATIONAL ASSOCIATION OF REALTORS",IL,ADMINISTRATIVE CONSULTING,2022-05-03T00:00:00Z,2160,S,"CUELLAR, HENRY",H,DEM
COMMUNICATIONS WORKERS OF AMERICA WORKING VOICES,2022,TEXAS TOOL BELT,TX,EXPENSES FOR DOOR TO DOOR CANVASSING,2022-01-25T00:00:00Z,6726.91,S,"CISNEROS, JESSICA",H,DEM
"AMERICANS FOR PROSPERITY ACTION, INC. (AFP ACTION) DBA CVA ACTION AND DBA LIBRE ACTION",2022,TARGETED VICTORY LLC,VA,DIGITAL AD PRODUCTION,2022-07-13T00:00:00Z,700,S,"FLORES, MAYRA",H,REP
JUSTICE DEMOCRATS PAC,2022,TOP MARKS MEDIA LLC,DC,NON-CONTRIBUTION ACCOUNT - DIGITAL BUY,2022-05-11T00:00:00Z,50000,S,"CISNEROS, JESSICA",H,DEM
COMMUNICATIONS WORKERS OF AMERICA WORKING VOICES,2022,TEXAS TOOL BELT,TX,EXPENSES FOR DOOR TO DOOR CANVASSING,2022-01-24T00:00:00Z,6726.89,S,"CISNEROS, JESSICA",H,DEM
IN UNION USA,2022,"DELIVER STRATEGIES, LLC",VA,DIRECT MAIL PROGRAM,2022-02-17T00:00:00Z,13638.07,O,"CUELLAR, HENRY",H,DEM
WFP NATIONAL PAC,2021,COMMUNITY LABOR ADMINISTRATIVE SERVICES,NY,TEXTING,2021-12-14T00:00:00Z,1332.24,S,"CISNEROS, JESSICA",H,DEM
MIJENTE PAC,2022,UNITED AIRLINES,IL,NON-CONTRIBUTION ACCOUNT: TRAVEL,2022-02-25T00:00:00Z,933.34,S,"CISNEROS, JESSICA",H,DEM
TEXAS ORGANIZING PROJECT POLITICAL ACTION COMMITTEE,2022,DUABLE BRAND TRUST,TX,GRAPHIC DESIGN (ESTIMATE),2022-04-11T00:00:00Z,93.02,S,"CISNEROS, JESSICA",H,DEM
CONGRESSIONAL LEADERSHIP FUND,2022,TARGETED VICTORY LLC,VA,DIGITAL PLACEMENT,2022-05-13T00:00:00Z,25000,S,"GARCIA, CASSY",H,NA
TEXAS ORGANIZING PROJECT POLITICAL ACTION COMMITTEE,2022,TEXAS ORGANIZING PROJECT,TX,STAFF TIME (ESTIMATE),2022-02-01T00:00:00Z,7000,S,"CISNEROS, JESSICA",H,DEM
WOMEN VOTE!,2022,THE PIVOT GROUP,DC,MAIHOUSE,2022-05-12T00:00:00Z,9452.56,S,"CISNEROS, JESSICA",H,DEM
MIJENTE PAC,2022,STRIPES,TX,NON-CONTRIBUTION ACCOUNT: TRAVEL,2022-02-25T00:00:00Z,24.64,S,"CISNEROS, JESSICA",H,DEM
COMMUNICATIONS WORKERS OF AMERICA WORKING VOICES,2022,TEXAS TOOL BELT,TX,ESTIMATED EXPENSES FOR PHONE BANKING,2022-01-30T00:00:00Z,2916.88,S,"CISNEROS, JESSICA",H,DEM
VOTE NURSES VALUES POLITICAL ACTION COMMITTEE: CALIFORNIA NURSES ASSOCIATION,2022,TOSKR INC DBA: GETTHRU,CA,ESTIMATE OF TEXT AND PHONE BANKING CAMPAIGN,2022-04-04T00:00:00Z,19305,S,"CISNEROS, JESSICA",H,DEM
MIJENTE PAC,2022,LYFT,CA,NON-CONTRIBUTION ACCOUNT: TRAVEL,2022-02-25T00:00:00Z,10.78,S,"CISNEROS, JESSICA",H,DEM
TEXAS ORGANIZING PROJECT POLITICAL ACTION COMMITTEE,2022,"TEXAS TOOLBELT, LLC",TX,CANVASSING (ESTIMATE),2022-04-19T00:00:00Z,38255.81,S,"CISNEROS, JESSICA",H,DEM
DMFI PAC,2022,MEDIA FORTITUDE PARTNERS,NJ,T.V. ADVERTISING BUY,2022-05-03T00:00:00Z,285000,S,"RAMIREZ, RUBEN",H,DEM
WFP NATIONAL PAC,2022,ANGLE MASTAGNI,TX,PHONE CALLS,2022-05-17T00:00:00Z,10000,S,"VALLEJO, MICHELLE",H,DEM
MIJENTE PAC,2022,PROTRAVEL INTERNATIONAL,AZ,NON-CONTRIBUTION ACCOUNT: TRAVEL,2022-02-25T00:00:00Z,37,S,"CISNEROS, JESSICA",H,DEM
WOMEN VOTE!,2022,THE PIVOT GROUP,DC,MAIHOUSE,2022-05-12T00:00:00Z,9452.56,O,"CUELLAR, HENRY",H,DEM
TEXAS FARM BUREAU AGFUND,2022,THE EPPSTEIN GROUP,TX,DIRECT MAIL ADVERTISEMENT,2022-05-16T00:00:00Z,29400,S,"CUELLAR, HENRY",H,NA
MIJENTE PAC,2022,PROTRAVEL INTERNATIONAL,AZ,NON-CONTRIBUTION ACCOUNT: TRAVEL,2022-02-22T00:00:00Z,18.5,S,"CISNEROS, JESSICA",H,DEM
MIJENTE PAC,2022,"GENIS, ARIANNA",NC,NON-CONTRIBUTION ACCOUNT: PER DIEM,2022-02-25T00:00:00Z,105.14,S,"CISNEROS, JESSICA",H,DEM
UNITED DEMOCRACY PROJECT (UDP),2022,OURSO BEYCHOK INC,LA,DIRECT MAIL,2022-05-11T00:00:00Z,42990,O,"CISNEROS, JESSICA",H,NA
J STREET,2022,MIDDLE SEAT CONSULTING LLC,DC,NA,2022-02-13T00:00:00Z,50000,O,"CUELLAR, HENRY",H,DEM
WFP NATIONAL PAC,2022,FACEBOOK,CA,DIGITAL ADS,2022-05-04T00:00:00Z,10000,S,"CISNEROS, JESSICA",H,DEM
MIJENTE PAC,2022,LYFT,CA,NON-CONTRIBUTION ACCOUNT: TRAVEL,2022-02-25T00:00:00Z,13.8,S,"CISNEROS, JESSICA",H,DEM
WOMEN VOTE!,2022,POTOMAC WAVES LLC,DC,TV MEDIA PRODUCTION,2022-05-19T00:00:00Z,1766.3,S,"CISNEROS, JESSICA",H,DEM
COMMUNICATIONS WORKERS OF AMERICA WORKING VOICES,2022,TEXAS TOOL BELT,TX,EXPENSES FOR DOOR TO DOOR CANVASSING,2022-01-07T00:00:00Z,997.11,S,"CISNEROS, JESSICA",H,DEM
AMERICAN FEDERATION OF STATE COUNTY AND MUNICIPAL EMPLOYEES AFL-CIO,2022,AFSCME INTERNATIONAL,DC,NA,2022-04-21T00:00:00Z,11200,S,"CISNEROS, JESSICA",H,DEM
MIJENTE PAC,2022,UNITED AIRLINES,IL,NON-CONTRIBUTION ACCOUNT: TRAVEL,2022-02-22T00:00:00Z,290.09,S,"CISNEROS, JESSICA",H,DEM
MIJENTE PAC,2022,PROTRAVEL INTERNATIONAL,AZ,NON-CONTRIBUTION ACCOUNT: TRAVEL,2022-02-22T00:00:00Z,37,S,"CISNEROS, JESSICA",H,DEM
TEXAS ORGANIZING PROJECT POLITICAL ACTION COMMITTEE,2022,"PRESTIGE PRINTING, LLC",TX,PRINTING (ESTIMATE),2022-02-01T00:00:00Z,1500,S,"CISNEROS, JESSICA",H,DEM
MIJENTE PAC,2022,LYFT,CA,NON-CONTRIBUTION ACCOUNT: TRAVEL,2022-02-25T00:00:00Z,12.75,S,"CISNEROS, JESSICA",H,DEM
AMERICA UNITED,2022,MOSAIC MEDIA STRATEGY GROUP,DC,DIGITAL PRODUCTION,2022-05-19T00:00:00Z,7500,S,"CUELLAR, HENRY",H,DEM
COMMUNICATIONS WORKERS OF AMERICA WORKING VOICES,2022,TEXAS TOOL BELT,TX,ESTIMATED EXPENSES FOR PHONE BANKING (2/2 THROUGH 2/8),2022-02-02T00:00:00Z,20418.16,S,"CISNEROS, JESSICA",H,DEM
TEXANS FOR FREEDOM,2022,REMINGTON RESEARCH GROUP,MO,TEXT MESSAGING,2022-02-25T00:00:00Z,1917.12,S,"GARCIA, CASSY",H,REP
MIJENTE PAC,2022,ENTERPRISE RENT-A-CAR,MO,NON-CONTRIBUTION ACCOUNT: TRAVEL,2022-02-25T00:00:00Z,520.32,S,"CISNEROS, JESSICA",H,DEM
"NATIONAL ASSOCIATION OF REALTORS POLITICAL ACTION COMMITTEE",2022,A-D STRATEGIES LLC,VA,ONLINE DIGITAL AD BUY & PRODUCTION COSTS,2022-05-03T00:00:00Z,2200,S,"CUELLAR, HENRY",H,DEM
JUSTICE DEMOCRATS PAC,2022,TOP MARKS MEDIA LLC,DC,NON-CONTRIBUTION ACCOUNT - PRODUCTION COSTS,2022-05-02T00:00:00Z,16000,S,"CISNEROS, JESSICA",H,DEM
END CITIZENS UNITED,2022,"POTOMAC WAVES, LLC",DC,MEDIA BUY,2022-05-11T00:00:00Z,37500,S,"CISNEROS, JESSICA",H,DEM
TEXANS FOR TRUE CONSERVATIVES,2022,POLITICAL MEDIA GROUP,VA,DIRECT MAIL,2022-02-02T00:00:00Z,935.07,S,"WHITTEN, SANDRA",H,REP
MIJENTE PAC,2022,LAREDO HOTEL,TX,HOTEL,2022-02-17T00:00:00Z,2439.6,S,"CISNEROS, JESSICA",H,DEM
WFP NATIONAL PAC,2022,SUN DIGITAL,AZ,TEXTING,2022-02-15T00:00:00Z,2500,S,"CISNEROS, JESSICA",H,DEM
AMERICA UNITED,2022,MOSAIC MEDIA STRATEGY GROUP,DC,AD BUY- DIGITAL,2022-05-19T00:00:00Z,28134,S,"CUELLAR, HENRY",H,DEM
"AMERICANS FOR PROSPERITY ACTION, INC. (AFP ACTION) DBA CVA ACTION AND DBA LIBRE ACTION",2022,AMERICANS FOR PROSPERITY,VA,CANVASSING,2022-06-01T00:00:00Z,18512.71,S,"FLORES, MAYRA",H,REP
A STRONGER TEXAS FUND,2022,ALPHA GRAPHICS LAREDO,TX,SANDRA WHITTEN SIGNS,2022-01-13T00:00:00Z,4625,S,"WHITTEN, SANDRA",H,NA
CONGRESSIONAL LEADERSHIP FUND,2022,RUMBLEUP LLC,DC,TEXT MESSAGES,2022-02-18T00:00:00Z,7000,S,"DE LA CRUZ, MONICA",H,NA
WFP NATIONAL PAC,2022,COMMUNITY LABOR ADMINISTRATIVE SERVICES,NY,TEXTING,2022-01-11T00:00:00Z,660,S,"CISNEROS, JESSICA",H,DEM
MIJENTE PAC,2022,UNITED AIRLINES,IL,NON-CONTRIBUTION ACCOUNT: TRAVEL,2022-02-24T00:00:00Z,688.94,S,"CISNEROS, JESSICA",H,DEM
"GREENPEACE, INC.",2022,ARIZONA JET-MAIL SERVICES,AZ,NA,2022-04-06T00:00:00Z,1286.7,S,"CISNEROS, JESSICA",H,DEM
"GREENPEACE, INC.",2022,ARIZONA JET-MAIL SERVICES,AZ,NA,2022-05-04T00:00:00Z,4445.33,S,"CISNEROS, JESSICA",H,DEM
COMMUNICATIONS WORKERS OF AMERICA WORKING VOICES,2022,TEXAS TOOL BELT,TX,EXPENSES FOR DOOR TO DOOR CANVASSING,2022-01-07T00:00:00Z,997.11,S,"CISNEROS, JESSICA",H,DEM
WOMEN VOTE!,2022,WATERFRONT STRATEGIES,DC,TV MEDIA BUY,2022-05-12T00:00:00Z,459094.5,O,"CUELLAR, HENRY",H,DEM
COMMUNICATIONS WORKERS OF AMERICA WORKING VOICES,2022,TEXAS TOOL BELT,TX,ESTIMATED EXPENSES FOR CANVASSING,2022-01-31T00:00:00Z,3344.38,S,"CISNEROS, JESSICA",H,DEM
CONGRESSIONAL LEADERSHIP FUND,2022,ONMESSAGE INC.,VA,MEDIA PRODUCTION,2022-05-31T00:00:00Z,13000,S,"FLORES, MAYRA",H,NA
MIJENTE PAC,2022,CONSOLIDATED PRESS,NC,NON-CONTRIBUTION ACCOUNT: GOTV LITERATURE,2022-02-11T00:00:00Z,750.75,S,"CISNEROS, JESSICA",H,DEM
COMMUNICATIONS WORKERS OF AMERICA WORKING VOICES,2022,TEXAS TOOL BELT,TX,EXPENSES FOR DOOR TO DOOR CANVASSING,2022-01-29T00:00:00Z,8006.51,S,"CISNEROS, JESSICA",H,DEM
WFP NATIONAL PAC,2022,LUPE VOTES,TX,IN PERSON CANVASSING,2022-05-22T00:00:00Z,10000,S,"VALLEJO, MICHELLE",H,DEM
UNITED DEMOCRACY PROJECT (UDP),2022,WATERFRONT STRATEGIES INC,DC,MEDIA PLACEMENT,2022-05-10T00:00:00Z,315125.5,O,"CISNEROS, JESSICA",H,NA
"GREENPEACE, INC.",2022,ARIZONA JET-MAIL SERVICES,AZ,NA,2022-04-19T00:00:00Z,932.5,S,"CISNEROS, JESSICA",H,DEM
COMMUNICATIONS WORKERS OF AMERICA WORKING VOICES,2022,TEXAS TOOL BELT,TX,EXPENSES FOR DOOR TO DOOR CANVASSING,2022-01-07T00:00:00Z,997.12,S,"CISNEROS, JESSICA",H,DEM
COMMUNICATIONS WORKERS OF AMERICA WORKING VOICES,2022,TEXAS TOOL BELT,TX,EXPENSES FOR DOOR TO DOOR CANVASSING,2022-01-16T00:00:00Z,8006.49,S,"CISNEROS, JESSICA",H,DEM
WFP NATIONAL PAC,2022,TURN IT BLUE,CO,DIGITAL ADS,2022-02-10T00:00:00Z,10000,S,"CISNEROS, JESSICA",H,DEM
MIJENTE PAC,2022,AMERICAN AIRLINES,TX,NON-CONTRIBUTION ACCOUNT: TRAVEL,2022-02-10T00:00:00Z,539.13,S,"CISNEROS, JESSICA",H,DEM
MIJENTE PAC,2022,AMERICAN AIRLINES,TX,NON-CONTRIBUTION ACCOUNT: TRAVEL,2022-02-22T00:00:00Z,584.2,S,"CISNEROS, JESSICA",H,DEM
MIJENTE PAC,2022,RIALTO HOTEL LLC,TX,NON-CONTRIBUTION ACCOUNT: HOTEL,2022-02-10T00:00:00Z,2599.2,S,"CISNEROS, JESSICA",H,DEM
INDIVISIBLE ACTION,2022,THE BASELINE AGENCY,DC,DIRECT MAIL,2022-02-17T00:00:00Z,36034.16,O,"CUELLAR, HENRY",H,NA
INDIVISIBLE ACTION,2022,KNOCKCO LLC,NY,TEXT MESSAGES (ESTIMATE),2022-02-24T00:00:00Z,1856,S,"CISNEROS, JESSICA",H,DEM
COMMUNICATIONS WORKERS OF AMERICA WORKING VOICES,2022,TEXAS TOOL BELT,TX,EXPENSES FOR CANVASSING- YARD SIGNS,2022-01-28T00:00:00Z,7339,S,"CISNEROS, JESSICA",H,DEM
IN UNION USA,2022,"DELIVER STRATEGIES, LLC",VA,DIRECT MAIL PROGRAM,2022-02-22T00:00:00Z,29629.72,S,"CISNEROS, JESSICA",H,DEM
COMMUNICATIONS WORKERS OF AMERICA WORKING VOICES,2022,TEXAS TOOL BELT,TX,EXPENSES FOR DOOR TO DOOR CANVASSING,2022-01-07T00:00:00Z,997.11,S,"CISNEROS, JESSICA",H,DEM
FREEDOMWORKS FOR AMERICA,2022,SEPTEMBER GROUP LLC,WY,DIGITAL ADVERTISING,2022-06-06T00:00:00Z,22000,S,"FLORES, MAYRA",H,REP
MOVEON.ORG POLITICAL ACTION,2022,"UPLAND SOFTWARE, INC.",TX,TEXTING SERVICES,2022-05-12T00:00:00Z,1709.43,S,"CISNEROS, JESSICA",H,DEM
"AMERICANS FOR PROSPERITY ACTION, INC. (AFP ACTION) DBA CVA ACTION AND DBA LIBRE ACTION",2022,IN PURSUIT OF LLC,VA,LIBRE DIGITAL AD PLACEMENT,2022-07-14T00:00:00Z,15000,S,"FLORES, MAYRA",H,REP
STARS AND STRIPES FOREVER PAC,2022,ELECTION IMPACT GROUP LLC,MS,MEDIA PRODUCTION/PLACEMENT,2022-05-05T00:00:00Z,9400,S,"GARCIA, CASSY",H,REP
CONGRESSIONAL LEADERSHIP FUND,2022,TARGETED VICTORY LLC,VA,DIGITAL PLACEMENT,2022-07-27T00:00:00Z,107000,S,"FLORES, MAYRA",H,NA
DMFI PAC,2022,MEDIA FORTITUDE PARTNERS,NJ,T.V. ADVERTISING PRODUCTION,2022-05-03T00:00:00Z,15000,S,"RAMIREZ, RUBEN",H,DEM
MAINSTREAM DEMOCRATS PAC,2022,"SAGE MEDIA PLANNING & PLACEMENT, INC.",DC,T.V. ADVERTISING BUY,2022-05-10T00:00:00Z,479733.35,S,"CUELLAR, HENRY",H,DEM
INDIVISIBLE ACTION,2022,CIVITECH,NY,TEXT MESSAGES (ESTIMATE),2022-05-19T00:00:00Z,1830,S,"CISNEROS, JESSICA",H,DEM
AMERICA UNITED,2022,MOSAIC MEDIA STRATEGY GROUP,DC,DIGITAL PRODUCTION,2022-05-19T00:00:00Z,3000,S,"CUELLAR, HENRY",H,DEM
UNITED DEMOCRACY PROJECT (UDP),2022,BRUSHFIRE LLC,DC,GOTV PHONE CALLS,2022-05-09T00:00:00Z,17119.6,S,"CUELLAR, HENRY",H,DEM
COMMUNICATIONS WORKERS OF AMERICA WORKING VOICES,2022,TEXAS TOOL BELT,TX,EXPENSES FOR DOOR TO DOOR CANVASSING,2022-01-07T00:00:00Z,999.62,S,"CISNEROS, JESSICA",H,DEM
INDIVISIBLE ACTION,2022,TOP MARKS MEDIA LLC,DC,DIGITAL ADVERTISING (ESTIMATE),2022-05-12T00:00:00Z,10000,S,"CISNEROS, JESSICA",H,DEM
FREEDOMWORKS FOR AMERICA,2022,SEPTEMBER GROUP LLC,WY,DIRECT MAIL,2022-05-27T00:00:00Z,50000,S,"FLORES, MAYRA",H,REP
"NATIONAL ASSOCIATION OF REALTORS POLITICAL ACTION COMMITTEE",2022,MEATH MEDIA GROUP,DC,ONLINE VIDEO PRODUCTION COSTS,2022-05-03T00:00:00Z,37250,S,"CUELLAR, HENRY",H,DEM
COMMUNICATIONS WORKERS OF AMERICA WORKING VOICES,2022,TEXAS TOOL BELT,TX,EXPENSES FOR DOOR TO DOOR CANVASSING,2022-01-07T00:00:00Z,1003.78,S,"CISNEROS, JESSICA",H,DEM
VOTE NURSES VALUES POLITICAL ACTION COMMITTEE: CALIFORNIA NURSES ASSOCIATION,2022,CACAOROCK/JAVIER MORENO POLLAROLO,CA,TRANSLATION SERVICES,2022-04-19T00:00:00Z,30,S,"CISNEROS, JESSICA",H,DEM
UNITED DEMOCRACY PROJECT (UDP),2022,BRUSHFIRE LLC,DC,GOTV PHONE CALLS,2022-05-16T00:00:00Z,3685.59,O,"CISNEROS, JESSICA",H,NA
AMERICA UNITED,2022,MOSAIC MEDIA STRATEGY GROUP,DC,AD BUY- DIGITAL,2022-05-19T00:00:00Z,28134,S,"CUELLAR, HENRY",H,DEM
COMMUNICATIONS WORKERS OF AMERICA WORKING VOICES,2022,TEXAS TOOL BELT,TX,EXPENSES FOR DOOR TO DOOR CANVASSING,2022-01-22T00:00:00Z,8006.49,S,"CISNEROS, JESSICA",H,DEM
A STRONGER TEXAS FUND,2022,"AARON, THOMAS, AND ASSOCIATES",CA,SANDRA WHITTEN MAILR,2022-02-02T00:00:00Z,19757.13,S,"WHITTEN, SANDRA",H,NA
AMERICAN FEDERATION OF STATE COUNTY AND MUNICIPAL EMPLOYEES AFL-CIO,2022,AFSCME INTERNATIONAL,DC,NA,2022-04-21T00:00:00Z,2800,O,"CUELLAR, HENRY",H,DEM
MIJENTE PAC,2022,LYFT,CA,TRAVEL,2022-02-17T00:00:00Z,17.99,S,"CISNEROS, JESSICA",H,DEM
SEIU COPE (SERVICE EMPLOYEES INTERNATIONAL UNION COMMITTEE ON POLITICAL EDUCATION),2022,TEXAS TOOLBELT,TX,ESTIMATED COST - CANVASSING SERVICES,2022-02-16T00:00:00Z,15000,O,"CUELLAR, HENRY",H,DEM
INDIVISIBLE ACTION,2022,TOP MARKS MEDIA LLC,DC,DIGITAL ADVERTISING (ESTIMATE),2022-05-12T00:00:00Z,10000,O,"CUELLAR, HENRY",H,NA
MIJENTE PAC,2022,PROTRAVEL INTERNATIONAL,AZ,NON-CONTRIBUTION ACCOUNT: TRAVEL,2022-02-24T00:00:00Z,37,S,"CISNEROS, JESSICA",H,DEM
WFP NATIONAL PAC,2022,MIDDLE SEAT,DC,DIGITAL ADS,2022-05-22T00:00:00Z,5000,S,"VALLEJO, MICHELLE",H,DEM
UNITED DEMOCRACY PROJECT (UDP),2022,MVAR MEDIA LLC,VA,MEDIA PRODUCTION,2022-05-12T00:00:00Z,10163.84,O,"CISNEROS, JESSICA",H,NA
COMMUNICATIONS WORKERS OF AMERICA WORKING VOICES,2022,TEXAS TOOL BELT,TX,EXPENSES FOR PHONE BANKING,2022-01-26T00:00:00Z,2993.9,S,"CISNEROS, JESSICA",H,DEM
MIJENTE PAC,2022,PROTRAVEL INTERNATIONAL,AZ,NON-CONTRIBUTION ACCOUNT: TRAVEL,2022-02-22T00:00:00Z,18.5,S,"CISNEROS, JESSICA",H,DEM
COMMUNICATIONS WORKERS OF AMERICA WORKING VOICES,2022,TEXAS TOOL BELT,TX,ESTIMATED EXPENSES FOR CANVASSING,2022-02-01T00:00:00Z,3344.38,S,"CISNEROS, JESSICA",H,DEM
CONGRESSIONAL LEADERSHIP FUND,2022,TARGETED VICTORY LLC,VA,DIGITAL PLACEMENT,2022-02-25T00:00:00Z,5000,S,"DE LA CRUZ, MONICA",H,NA
COMMUNICATIONS WORKERS OF AMERICA WORKING VOICES,2022,TEXAS TOOL BELT,TX,ESTIMATED EXPENSES FOR PHONE BANKING,2022-01-31T00:00:00Z,2916.88,S,"CISNEROS, JESSICA",H,DEM
COMMUNICATIONS WORKERS OF AMERICA WORKING VOICES,2022,TEXAS TOOL BELT,TX,ESTIMATED EXPENSES FOR PHONE BANKING,2022-02-01T00:00:00Z,2916.88,S,"CISNEROS, JESSICA",H,DEM
TEXAS ORGANIZING PROJECT POLITICAL ACTION COMMITTEE,2022,"PRESTIGE PRINTING, LLC",TX,LITERATURE (ESTIMATE),2022-04-19T00:00:00Z,1383.72,S,"CISNEROS, JESSICA",H,DEM
MIJENTE PAC,2022,LOLITAS BISTRO,TX,NON-CONTRIBUTION ACCOUNT: MEALS,2022-02-25T00:00:00Z,246.13,S,"CISNEROS, JESSICA",H,DEM
CONGRESSIONAL LEADERSHIP FUND,2022,TARGETED VICTORY LLC,VA,DIGITAL PLACEMENT,2022-08-05T00:00:00Z,100000,S,"FLORES, MAYRA",H,NA
COMMUNICATIONS WORKERS OF AMERICA WORKING VOICES,2022,TEXAS TOOL BELT,TX,EXPENSES FOR PHONE BANKING,2022-01-29T00:00:00Z,3694.74,S,"CISNEROS, JESSICA",H,DEM
COMMUNICATIONS WORKERS OF AMERICA WORKING VOICES,2022,76 WORDS CORP.,DC,RADIO ADVERTISING,2022-04-18T00:00:00Z,100000,O,"CUELLAR, HENRY",H,DEM
AMERICA UNITED,2022,MOSAIC MEDIA STRATEGY GROUP,DC,AD BUY- DIGITAL,2022-04-29T00:00:00Z,22512,S,"CUELLAR, HENRY",H,DEM
WOMEN VOTE!,2022,THE PIVOT GROUP,DC,MAIHOUSE,2022-05-12T00:00:00Z,8907.22,O,"CUELLAR, HENRY",H,DEM
UNITED DEMOCRACY PROJECT (UDP),2022,MVAR MEDIA LLC,VA,MEDIA PRODUCTION/PLACEMENT,2022-05-10T00:00:00Z,73375,O,"CISNEROS, JESSICA",H,NA
MIJENTE PAC,2022,UNITED AIRLINES,IL,NON-CONTRIBUTION ACCOUNT: TRAVEL,2022-02-25T00:00:00Z,599.71,S,"CISNEROS, JESSICA",H,DEM
TEXAS ORGANIZING PROJECT POLITICAL ACTION COMMITTEE,2022,TEXAS ORGANIZING PROJECT,TX,STAFF TIME (ESTIMATE),2022-04-11T00:00:00Z,1116.28,S,"CISNEROS, JESSICA",H,DEM
UNITED DEMOCRACY PROJECT (UDP),2022,MVAR MEDIA LLC,VA,MEDIA PRODUCTION,2022-05-20T00:00:00Z,2235,S,"CUELLAR, HENRY",H,DEM
WOMEN VOTE!,2022,TRILOGY INTERACTIVE LLC,CA,DIGITAL BUY,2022-04-29T00:00:00Z,54000,S,"CISNEROS, JESSICA",H,DEM
WFP NATIONAL PAC,2022,COMMUNITY LABOR ADMINISTRATIVE SERVICES,NY,PHONE CALLS,2022-02-17T00:00:00Z,65.38,S,"CISNEROS, JESSICA",H,DEM
VOTE NURSES VALUES POLITICAL ACTION COMMITTEE: CALIFORNIA NURSES ASSOCIATION,2022,AUTUMN PRESS,CA,POSTCARD MAILER,2022-04-29T00:00:00Z,5036.47,S,"CISNEROS, JESSICA",H,DEM
AMERICA UNITED,2022,MOSAIC MEDIA STRATEGY GROUP,DC,AD BUY- RADIO,2022-05-21T00:00:00Z,67500,S,"CUELLAR, HENRY",H,DEM
WFP NATIONAL PAC,2022,THE BASELINE AGENCY,DC,MAIL,2022-02-18T00:00:00Z,36035.76,S,"CISNEROS, JESSICA",H,DEM
MIJENTE PAC,2022,UNITED AIRLINES,IL,NON-CONTRIBUTION ACCOUNT: TRAVEL,2022-02-24T00:00:00Z,688.94,S,"CISNEROS, JESSICA",H,DEM
TEXAS ORGANIZING PROJECT POLITICAL ACTION COMMITTEE,2022,HUMAN AGE DIGITAL,TX,DIGITAL ADS (ESTIMATE),2022-02-01T00:00:00Z,1000,S,"CISNEROS, JESSICA",H,DEM
CONGRESSIONAL LEADERSHIP FUND,2022,936 MEDIA,SC,MEDIA PRODUCTION,2022-02-22T00:00:00Z,1000,O,"GARZA, MAURO",H,NA
COMMUNICATIONS WORKERS OF AMERICA WORKING VOICES,2022,TEXAS TOOL BELT,TX,EXPENSES FOR DOOR TO DOOR CANVASSING,2022-01-07T00:00:00Z,997.11,S,"CISNEROS, JESSICA",H,DEM
INDIVISIBLE ACTION,2021,BLUE STATE DIGITAL,NY,DIGITAL ADVERTISING - ESTIMATE,2021-11-23T00:00:00Z,10000,O,"CUELLAR, HENRY",H,NA
CONGRESSIONAL LEADERSHIP FUND,2022,TARGETED VICTORY LLC,VA,DIGITAL PLACEMENT,2022-02-10T00:00:00Z,25000,S,"DE LA CRUZ, MONICA",H,NA
WFP NATIONAL PAC,2022,COMMUNITY LABOR ADMINISTRATIVE SERVICES,NY,PHONE CALLS,2022-01-14T00:00:00Z,300,S,"CISNEROS, JESSICA",H,DEM
IN UNION USA,2022,"DELIVER STRATEGIES, LLC",DC,DIRECT MAIL PROGRAM,2022-02-14T00:00:00Z,33459.54,S,"CISNEROS, JESSICA",H,DEM
FREEDOMWORKS FOR AMERICA,2022,RUMBLE UP,DC,PEER-TO-PEER TEXT MESSAGING,2022-06-02T00:00:00Z,8171.42,S,"FLORES, MAYRA",H,REP
UNITED DEMOCRACY PROJECT (UDP),2022,MVAR MEDIA LLC,VA,MEDIA PRODUCTION/PLACEMENT,2022-05-17T00:00:00Z,7961.74,S,"CUELLAR, HENRY",H,DEM
WFP NATIONAL PAC,2022,COMMUNITY LABOR ADMINISTRATIVE SERVICES,NY,PHONE CALLS,2022-05-12T00:00:00Z,364.4,S,"CISNEROS, JESSICA",H,DEM
UNITED DEMOCRACY PROJECT (UDP),2022,WATERFRONT STRATEGIES INC,DC,MEDIA PLACEMENT,2022-05-17T00:00:00Z,214065.5,S,"CUELLAR, HENRY",H,DEM
WFP NATIONAL PAC,2022,COMMUNITY LABOR ADMINISTRATIVE SERVICES,NY,PHONE CALLS,2022-05-22T00:00:00Z,663.32,S,"CISNEROS, JESSICA",H,DEM
CHARTER SCHOOLS NOW PAC,2022,CARR MARKETING INC.,CA,NA,2022-05-19T00:00:00Z,520.65,S,"CUELLAR, HENRY",H,DEM
JUSTICE DEMOCRATS PAC,2022,TOP MARKS MEDIA LLC,DC,NON-CONTRIBUTION ACCOUNT - MEDIA PRODUCTION,2022-02-09T00:00:00Z,12000,O,"CUELLAR, HENRY",H,DEM
MIJENTE PAC,2022,PROTRAVEL INTERNATIONAL,AZ,NON-CONTRIBUTION ACCOUNT: TRAVEL,2022-02-24T00:00:00Z,37,S,"CISNEROS, JESSICA",H,DEM
"NATIONAL VICTORY ACTION FUND",2022,DIGITAL MARKETING SOLUTIONS GROUP LLC,VA,NON-CONTRIBUTION ACCT: ONLINE ADVERTISING / EMAIL COMMUNICATION / SMS MESSAGES,2022-06-15T00:00:00Z,25000,S,"FLORES, MAYRA",H,REP
MIJENTE PAC,2022,UNITED AIRLINES,IL,NON-CONTRIBUTION ACCOUNT: TRAVEL,2022-02-24T00:00:00Z,688.94,S,"CISNEROS, JESSICA",H,DEM
WFP NATIONAL PAC,2022,TURN IT BLUE DIGITAL,CO,DIGITAL ADS,2022-02-03T00:00:00Z,10000,S,"CISNEROS, JESSICA",H,DEM
CONGRESSIONAL LEADERSHIP FUND,2022,TARGETED VICTORY LLC,VA,DIGITAL PLACEMENT,2022-08-19T00:00:00Z,100000,S,"GARCIA, CASSY",H,NA
DMFI PAC,2022,"SISNEROS STRATEGIES, LLC",VA,DIRECT MAIL ADVERTISING,2022-05-02T00:00:00Z,117291.58,S,"RAMIREZ, RUBEN",H,DEM
TEXANS FOR FREEDOM,2022,ARMADA STRATEGIES,FL,DIGITAL MEDIA PLACEMENT,2022-02-24T00:00:00Z,35000,S,"GARCIA, CASSY",H,REP
CONGRESSIONAL LEADERSHIP FUND,2022,TARGETED VICTORY LLC,VA,DIGITAL PLACEMENT,2022-07-30T00:00:00Z,50000,S,"FLORES, MAYRA",H,NA
WFP NATIONAL PAC,2022,THE BASELINE AGENCY,DC,MAIL,2022-04-30T00:00:00Z,116000,S,"CISNEROS, JESSICA",H,DEM
"OPPORTUNITY MATTERS FUND, INC.",2022,FLEXPOINT MEDIA INC,OH,PLACED MEDIA: TV,2022-08-03T00:00:00Z,150000,S,"DE LA CRUZ, MONICA",H,REP
CONGRESSIONAL LEADERSHIP FUND,2022,TARGETED VICTORY LLC,VA,DIGITAL PLACEMENT,2022-03-31T00:00:00Z,50000,S,"GARCIA, CASSY",H,NA
WFP NATIONAL PAC,2021,BASE BUILDER,NY,PHONE CALLS,2021-12-09T00:00:00Z,11000,S,"CISNEROS, JESSICA",H,NA
WFP NATIONAL PAC,2022,COMMUNITY LABOR ADMINISTRATIVE SERVICES,NY,TEXTING,2022-05-22T00:00:00Z,825,S,"VALLEJO, MICHELLE",H,DEM
MAINSTREAM DEMOCRATS PAC,2022,"SAGE MEDIA PLANNING & PLACEMENT, INC.",DC,T.V. ADVERTISING PRODUCTION,2022-05-10T00:00:00Z,30000,S,"CUELLAR, HENRY",H,DEM
COMMUNICATIONS WORKERS OF AMERICA WORKING VOICES,2022,TEXAS TOOL BELT,TX,EXPENSES FOR DOOR TO DOOR CANVASSING,2022-01-07T00:00:00Z,1003.78,S,"CISNEROS, JESSICA",H,DEM
"OPPORTUNITY MATTERS FUND, INC.",2022,"MOUNTAINTOP ADVISORS, LLC",DC,PRODUCTION COST: TV AD,2022-08-03T00:00:00Z,1666.66,S,"DE LA CRUZ, MONICA",H,REP
JUSTICE DEMOCRATS PAC,2022,THE BASELINE AGENCY,DC,NON-CONTRIBUTION ACCOUNT - DIRECT MAIL SERVICE,2022-02-18T00:00:00Z,18018.03,S,"CISNEROS, JESSICA",H,DEM
"GREENPEACE, INC.",2022,"GREENPEACE, INC.",DC,NA,2022-04-01T00:00:00Z,346.2,S,"CISNEROS, JESSICA",H,DEM
WFP NATIONAL PAC,2022,MEDIA FORTITUDE PARTNERS,NJ,RADIO ADS,2022-04-27T00:00:00Z,50000,S,"CISNEROS, JESSICA",H,DEM
JUSTICE DEMOCRATS PAC,2022,TOP MARKS MEDIA LLC,DC,"NON-CONTRIBUTION ACCOUNT - MEDIA BUY, TV/DIGITAL",2022-02-15T00:00:00Z,75000,O,"CUELLAR, HENRY",H,DEM
AFL-CIO COMMITTEE ON POLITICAL EDUCATION TREASURY FUND,2022,MIDDLE SEAT,DC,NA,2022-05-05T00:00:00Z,276.23,S,"CISNEROS, JESSICA",H,DEM
MIJENTE PAC,2022,PROTRAVEL INTERNATIONAL,AZ,NON-CONTRIBUTION ACCOUNT: TRAVEL,2022-02-22T00:00:00Z,18.5,S,"CISNEROS, JESSICA",H,DEM
JUSTICE DEMOCRATS PAC,2022,THE BASELINE AGENCY,DC,NON-CONTRIBUTION ACCOUNT - DIRECT MAIL SERVICE,2022-02-11T00:00:00Z,38294.17,S,"CISNEROS, JESSICA",H,DEM
CONGRESSIONAL LEADERSHIP FUND,2022,936 MEDIA,SC,MEDIA PRODUCTION,2022-02-17T00:00:00Z,1000,S,"DE LA CRUZ, MONICA",H,NA
COMMUNICATIONS WORKERS OF AMERICA WORKING VOICES,2022,TEXAS TOOL BELT,TX,EXPENSES FOR DOOR TO DOOR CANVASSING,2022-01-07T00:00:00Z,997.11,S,"CISNEROS, JESSICA",H,DEM
JUSTICE DEMOCRATS PAC,2022,TOP MARKS MEDIA LLC,DC,NON-CONTRIBUTION ACCOUNT - MEDIA TV BUY,2022-02-25T00:00:00Z,10000,O,"CUELLAR, HENRY",H,DEM
JUSTICE DEMOCRATS PAC,2022,THE BASELINE AGENCY,DC,NON-CONTRIBUTION ACCOUNT - DIRECT MAIL SERVICE,2022-02-08T00:00:00Z,37513.01,S,"CISNEROS, JESSICA",H,DEM
ELBERT GUILLORY'S AMERICA,2022,LONGSHOT MOTION PICTURES,TX,MEDIA PRODUCTION,2022-02-16T00:00:00Z,3000,S,"DE LA CRUZ, MONICA",H,REP
CHARTER SCHOOLS ACTION FUND,2022,SISNEROS STRATEGIES,VA,NA,2022-05-16T00:00:00Z,25800.23,S,"CUELLAR, HENRY",H,DEM
DMFI PAC,2022,"TRILOGY INTERACTIVE, LLC",CA,DIGITAL ADVERTISING BUY,2022-05-04T00:00:00Z,64751,S,"RAMIREZ, RUBEN",H,DEM
A STRONGER TEXAS FUND,2022,NEW FRONTIER GRAPHICS AND ILLUSTRATION,TX,WEBSITE DEPOSIT,2022-02-04T00:00:00Z,650,S,"WHITTEN, SANDRA",H,NA
COMMUNICATIONS WORKERS OF AMERICA WORKING VOICES,2022,BERLIN ROSEN LTD,NY,DIGITAL ADVERTISING,2022-02-25T00:00:00Z,10000,O,"CUELLAR, HENRY",H,DEM
COMMUNICATIONS WORKERS OF AMERICA WORKING VOICES,2022,TEXAS TOOL BELT,TX,EXPENSES FOR DOOR TO DOOR CANVASSING,2022-01-23T00:00:00Z,8006.5,S,"CISNEROS, JESSICA",H,DEM
"AMERICANS FOR PROSPERITY ACTION, INC. (AFP ACTION) DBA CVA ACTION AND DBA LIBRE ACTION",2022,AMERICANS FOR PROSPERITY,VA,CANVASSING,2022-07-20T00:00:00Z,100,S,"FLORES, MAYRA",H,REP
AMERICA UNITED,2022,MOSAIC MEDIA STRATEGY GROUP,DC,AD PRODUCTION,2022-05-21T00:00:00Z,2500,S,"CUELLAR, HENRY",H,DEM
COMMUNICATIONS WORKERS OF AMERICA WORKING VOICES,2022,TEXAS TOOL BELT,TX,EXPENSES FOR DOOR TO DOOR CANVASSING,2022-01-21T00:00:00Z,8006.51,S,"CISNEROS, JESSICA",H,DEM
AMERICAN FEDERATION OF STATE COUNTY AND MUNICIPAL EMPLOYEES AFL-CIO,2022,AFSCME INTERNATIONAL,DC,NA,2022-05-18T00:00:00Z,3200,S,"CISNEROS, JESSICA",H,DEM
JUSTICE DEMOCRATS PAC,2022,TOP MARKS MEDIA LLC,DC,NON-CONTRIBUTION ACCOUNT - DIGITAL BUY,2022-05-10T00:00:00Z,35000,S,"CISNEROS, JESSICA",H,DEM
LUPE VOTES,2022,WILDFIRE MAIL,MA,NA,2022-05-10T00:00:00Z,8575.2,S,"CISNEROS, JESSICA",H,NA
CONGRESSIONAL LEADERSHIP FUND,2022,TARGETED VICTORY LLC,VA,DIGITAL PLACEMENT,2022-02-22T00:00:00Z,25000,S,"DE LA CRUZ, MONICA",H,NA
MIJENTE PAC,2022,PROTRAVEL INTERNATIONAL,AZ,NON-CONTRIBUTION ACCOUNT: TRAVEL,2022-02-22T00:00:00Z,37,S,"CISNEROS, JESSICA",H,DEM
JUSTICE DEMOCRATS PAC,2022,THE BASELINE AGENCY,DC,NON-CONTRIBUTION ACCOUNT - DIRECT MAIL SERVICE,2022-02-15T00:00:00Z,36036.06,S,"CISNEROS, JESSICA",H,DEM
BIG RIVER MEDIA,2022,BIG RIVER MEDIA,TX,NA,2022-05-13T00:00:00Z,5263.75,S,"CUELLAR, HENRY",H,NA
INDIVISIBLE ACTION,2022,KNOCKCO LLC,NY,TEXT MESSAGES (ESTIMATE),2022-02-16T00:00:00Z,1581.6,S,"CISNEROS, JESSICA",H,DEM
CONGRESSIONAL LEADERSHIP FUND,2022,TARGETED VICTORY LLC,VA,DIGITAL PLACEMENT,2022-08-19T00:00:00Z,100000,S,"FLORES, MAYRA",H,NA
BIENVENIDO ACTION PAC,2022,"I360, LLC",IL,DIGITAL VOTER CONTACT,2022-06-07T00:00:00Z,315.95,S,"FLORES, MAYRA",H,REP
MIJENTE PAC,2022,CONSOLIDATED PRESS,NC,NON-CONTRIBUTION ACCOUNT: GOTV LITERATURE,2022-02-10T00:00:00Z,750.75,S,"CISNEROS, JESSICA",H,DEM
"AMERICANS FOR PROSPERITY ACTION, INC. (AFP ACTION) DBA CVA ACTION AND DBA LIBRE ACTION",2022,TARGETED VICTORY LLC,VA,MEDIA PRODUCTION,2022-08-15T00:00:00Z,1000,S,"FLORES, MAYRA",H,REP
WFP NATIONAL PAC,2022,COMMUNITY LABOR ADMINISTRATIVE SERVICES,NY,PHONE CALLS,2022-05-15T00:00:00Z,172.92,S,"CISNEROS, JESSICA",H,DEM
TEXAS ORGANIZING PROJECT POLITICAL ACTION COMMITTEE,2022,"PRESTIGE PRINTING, LLC",TX,MAIL,2022-02-27T00:00:00Z,450.89,S,"CISNEROS, JESSICA",H,DEM
JUSTICE DEMOCRATS PAC,2022,TOP MARKS MEDIA LLC,DC,NON-CONTRIBUTION ACCOUNT - MEDIA TV BUY,2022-02-22T00:00:00Z,100000,O,"CUELLAR, HENRY",H,DEM
"AMERICANS FOR PROSPERITY ACTION, INC. (AFP ACTION) DBA CVA ACTION AND DBA LIBRE ACTION",2022,TALENTWAVE INC.,CO,CANVASSING,2022-08-01T00:00:00Z,500,S,"FLORES, MAYRA",H,REP
TEXAS ORGANIZING PROJECT POLITICAL ACTION COMMITTEE,2022,TEXAS ORGANIZING PROJECT,TX,STAFF TIME (ESTIMATE),2022-04-19T00:00:00Z,4883.72,S,"CISNEROS, JESSICA",H,DEM
CONGRESSIONAL LEADERSHIP FUND,2022,TARGETED VICTORY LLC,VA,DIGITAL PLACEMENT,2022-06-15T00:00:00Z,25000,S,"FLORES, MAYRA",H,NA
A STRONGER TEXAS FUND,2022,NEW FRONTIER GRAPHICS AND ILLUSTRATION,TX,WEBSITE,2022-02-18T00:00:00Z,350,S,"WHITTEN, SANDRA",H,NA
COMMUNICATIONS WORKERS OF AMERICA WORKING VOICES,2022,TEXAS TOOL BELT,TX,EXPENSES FOR DOOR TO DOOR CANVASSING,2022-01-26T00:00:00Z,12179.56,S,"CISNEROS, JESSICA",H,DEM
CONGRESSIONAL LEADERSHIP FUND,2022,936 MEDIA,SC,MEDIA PRODUCTION,2022-02-17T00:00:00Z,1000,O,"GARZA, MAURO",H,NA
AFL-CIO COMMITTEE ON POLITICAL EDUCATION TREASURY FUND,2022,MIDDLE SEAT,DC,NA,2022-05-07T00:00:00Z,238.33,S,"CISNEROS, JESSICA",H,DEM
WFP NATIONAL PAC,2022,THE SEXTON GROUP,IL,ROBOCALL,2022-02-28T00:00:00Z,1840.16,S,"CISNEROS, JESSICA",H,DEM
MIJENTE PAC,2022,UBER EATS,CA,NON-CONTRIBUTION ACCOUNT: MEALS,2022-02-25T00:00:00Z,254.9,S,"CISNEROS, JESSICA",H,DEM
HOUSE MAJORITY PAC,2022,WATERFRONT STRATEGIES,DC,TELEVISION ADVERTISING - ESTIMATE,2022-06-07T00:00:00Z,105188,O,"FLORES, MAYRA",H,REP
MIJENTE PAC,2022,UNITED AIRLINES,IL,NON-CONTRIBUTION ACCOUNT: TRAVEL,2022-02-24T00:00:00Z,688.94,S,"CISNEROS, JESSICA",H,DEM
MIJENTE PAC,2022,LYFT,CA,NON-CONTRIBUTION ACCOUNT: TRAVEL,2022-02-25T00:00:00Z,41.32,S,"CISNEROS, JESSICA",H,DEM
TEXAS ORGANIZING PROJECT POLITICAL ACTION COMMITTEE,2022,"PRESTIGE PRINTING, LLC",TX,MAIL (ESTIMATE),2022-02-01T00:00:00Z,2500,S,"CISNEROS, JESSICA",H,DEM
UNITED DEMOCRACY PROJECT (UDP),2022,WATERFRONT STRATEGIES INC,DC,MEDIA PLACEMENT,2022-05-19T00:00:00Z,32725,S,"CUELLAR, HENRY",H,DEM
"AMERICANS FOR PROSPERITY ACTION, INC. (AFP ACTION) DBA CVA ACTION AND DBA LIBRE ACTION",2022,IN PURSUIT OF LLC,VA,LIBRE DIGITAL AD PLACEMENT,2022-07-13T00:00:00Z,17000,S,"DE LA CRUZ, MONICA",H,REP
DMFI PAC,2022,"TRILOGY INTERACTIVE, LLC",CA,DIGITAL ADVERTISING PRODUCTION,2022-05-04T00:00:00Z,10000,S,"RAMIREZ, RUBEN",H,DEM
"NATIONAL ASSOCIATION OF REALTORS POLITICAL ACTION COMMITTEE",2022,AMBROSINO MUIR HANSEN CROUNSE,MD,ONLINE DIGITAL ADS & GIFS,2022-05-03T00:00:00Z,1800,S,"CUELLAR, HENRY",H,DEM
WOMEN VOTE!,2022,THE PIVOT GROUP,DC,MAIHOUSE,2022-05-12T00:00:00Z,9361.67,S,"CISNEROS, JESSICA",H,DEM
CONGRESSIONAL LEADERSHIP FUND,2022,FLEXPOINT MEDIA INC.,OH,DIGITAL PLACEMENT,2022-02-19T00:00:00Z,3000,S,"DE LA CRUZ, MONICA",H,NA
UNITED DEMOCRACY PROJECT (UDP),2022,MVAR MEDIA LLC,VA,MEDIA PRODUCTION,2022-05-12T00:00:00Z,19866.27,S,"CUELLAR, HENRY",H,DEM
FREEDOMWORKS FOR AMERICA,2022,SEPTEMBER GROUP LLC,WY,DIGITAL ADVERTISING,2022-05-27T00:00:00Z,40000,S,"FLORES, MAYRA",H,REP
LCV VICTORY FUND,2022,POTOMAC WAVES LLC,DC,RADIO AD PRODUCTION,2022-05-03T00:00:00Z,2381.2,S,"CISNEROS, JESSICA",H,DEM
MIJENTE PAC,2022,LYFT,CA,NON-CONTRIBUTION ACCOUNT: TRAVEL,2022-02-25T00:00:00Z,8.64,S,"CISNEROS, JESSICA",H,DEM
MIJENTE PAC,2022,USPS,DC,NON-CONTRIBUTION ACCOUNT: POSTAGE,2022-02-11T00:00:00Z,11.85,S,"CISNEROS, JESSICA",H,DEM
WFP NATIONAL PAC,2021,COMMUNITY LABOR ADMINISTRATIVE SERVICES,NY,TEXTING,2021-12-26T00:00:00Z,2667.76,S,"CISNEROS, JESSICA",H,DEM
